HumanSite,AlignmentSite
1,61
2,62
3,63
4,64
5,65
6,66
7,67
8,68
9,69
10,70
11,71
12,73
13,74
14,75
15,76
16,77
17,78
18,79
19,80
20,81
21,82
22,83
23,84
24,85
25,86
26,87
27,88
28,89
29,90
30,91
31,92
32,94
33,95
34,96
35,97
36,98
37,99
38,100
39,101
40,102
41,103
42,104
43,105
44,106
45,107
46,108
47,109
48,110
49,111
50,112
51,113
52,114
53,115
54,116
55,117
56,118
57,120
58,121
59,122
60,123
61,124
62,125
63,126
64,127
65,128
66,129
67,130
68,131
69,132
70,133
71,134
72,135
73,136
74,137
75,138
76,139
77,140
78,141
79,142
80,143
81,144
82,145
83,146
84,147
85,148
86,149
87,150
88,151
89,152
90,153
91,154
92,155
93,156
94,157
95,158
96,159
97,160
98,161
99,162
100,163
101,164
102,165
103,166
104,167
105,168
106,169
107,170
108,171
109,172
110,173
111,174
112,175
113,176
114,177
115,178
116,179
117,180
118,181
119,182
120,183
121,184
122,185
123,186
124,187
125,188
126,189
127,190
128,191
129,192
130,193
131,194
132,195
133,196
134,197
135,198
136,199
137,200
138,201
139,202
140,203
141,204
142,205
143,206
144,207
145,208
146,209
147,210
148,211
149,212
150,213
151,214
152,215
153,216
154,217
155,218
156,219
157,220
158,221
159,222
160,223
161,224
162,225
163,226
164,227
165,228
166,229
167,230
168,231
169,232
170,233
171,234
172,235
173,236
174,237
175,238
176,239
177,240
178,241
179,242
180,243
181,244
182,245
183,246
184,247
185,248
186,249
187,250
188,251
189,252
190,253
191,254
192,255
193,256
194,257
195,258
196,259
197,260
198,261
199,262
200,263
201,264
202,265
203,266
204,267
205,268
206,269
207,270
208,271
209,272
210,273
211,274
212,275
213,276
214,277
215,278
216,279
217,280
218,281
219,282
220,283
221,284
222,285
223,286
224,287
225,288
226,289
227,290
228,291
229,292
230,293
231,294
232,295
233,296
234,297
235,298
236,299
237,300
238,301
239,302
240,303
241,304
242,305
243,306
244,307
245,308
246,309
247,310
248,311
249,312
250,313
251,314
252,315
253,316
254,317
255,318
256,319
257,320
258,321
259,322
260,323
261,324
262,325
263,326
264,327
265,328
266,329
267,330
268,331
269,332
270,333
271,334
272,335
273,336
274,337
275,338
276,339
277,340
278,341
279,342
280,343
281,344
282,345
283,347
284,348
285,349
286,350
287,351
288,352
289,353
290,354
291,355
292,356
293,357
294,358
295,359
296,360
297,361
298,362
299,363
300,364
301,365
302,366
303,367
304,368
305,369
306,371
307,372
308,373
309,374
310,375
311,376
312,378
313,379
314,380
315,381
316,382
317,383
318,384
319,385
320,386
321,387
322,388
323,389
324,390
325,391
326,392
327,393
328,394
329,395
330,396
331,397
332,398
333,399
334,400
335,401
336,402
337,403
338,404
339,405
340,406
341,407
342,408
343,409
344,410
345,412
346,413
347,414
348,415
349,416
350,417
351,418
352,419
353,420
354,421
355,431
356,468
357,469
358,470
359,471
360,472
361,473
362,474
363,475
364,476
365,477
366,478
367,479
368,480
369,481
370,483
371,484
372,485
373,486
374,487
375,488
376,489
377,490
378,491
379,492
380,493
381,494
382,495
383,496
384,497
385,498
386,499
387,500
388,501
389,502
390,503
391,504
392,505
393,506
394,507
395,508
396,509
397,510
398,511
399,512
400,513
401,514
402,515
403,516
404,517
405,518
406,519
407,521
408,522
409,523
410,524
411,525
412,526
413,527
414,528
415,529
416,530
417,531
418,532
419,533
420,534
421,535
422,536
423,537
424,538
425,539
426,540
427,541
428,542
429,543
430,544
431,545
432,546
433,547
434,548
435,549
436,550
437,551
438,552
439,553
440,554
441,555
442,556
443,557
444,558
445,559
446,560
447,562
448,563
449,564
450,565
451,566
452,567
453,568
454,569
455,570
456,571
457,572
458,573
459,574
460,575
461,576
462,577
463,578
464,579
465,580
466,581
467,582
468,583
469,584
470,585
471,586
472,587
473,588
474,589
475,590
476,591
477,592
478,593
479,594
480,595
481,596
482,597
483,598
484,599
485,600
486,601
487,602
488,603
489,604
490,605
491,606
492,607
493,608
494,609
495,610
496,611
497,612
498,613
499,614
500,615
501,616
502,617
503,618
504,619
505,620
506,621
507,622
508,623
509,624
510,625
511,626
512,627
513,628
514,629
515,630
516,631
517,632
518,633
519,634
520,636
521,637
522,638
523,639
524,640
525,641
526,642
527,643
528,644
529,646
530,647
531,648
532,649
533,650
534,651
535,652
536,654
537,655
538,656
539,657
540,658
541,659
542,660
543,661
544,662
545,663
546,664
547,665
548,666
549,667
550,668
551,669
552,670
553,671
554,672
555,673
556,674
557,675
558,676
559,677
560,678
561,679
562,680
563,681
564,682
565,683
566,684
567,685
568,687
569,688
570,690
571,691
572,692
573,693
574,694
575,695
576,696
577,699
578,700
579,701
580,702
581,703
582,704
583,705
584,706
585,707
586,708
587,709
588,710
589,711
590,712
591,713
592,715
593,716
594,717
595,718
596,720
597,721
598,724
599,725
600,726
601,727
602,728
603,729
604,730
605,731
606,732
607,733
608,734
609,735
610,738
611,739
612,740
613,741
614,742
615,743
616,744
617,745
618,746
619,747
620,748
621,749
622,750
623,751
624,753
625,754
626,755
627,756
628,757
629,758
630,759
631,760
632,761
633,762
634,763
635,764
636,765
637,766
638,767
639,768
640,769
641,770
642,771
643,772
644,773
645,774
646,775
647,776
648,777
649,778
650,779
651,780
652,781
653,782
654,783
655,784
656,785
657,786
658,787
659,788
660,789
661,790
662,791
663,792
664,793
665,794
666,795
667,796
668,797
669,798
670,799
671,800
672,801
673,802
674,803
675,804
676,805
677,806
678,807
679,808
680,809
681,810
682,811
683,812
684,813
685,814
686,815
687,816
688,817
689,818
690,819
691,820
692,821
693,822
694,823
695,824
696,825
697,826
698,831
699,832
700,833
701,834
702,835
703,836
704,837
705,838
706,839
707,840
708,841
709,842
710,843
711,844
712,845
713,846
714,847
715,848
716,849
717,850
718,851
719,852
720,853
721,854
722,855
723,856
724,857
725,858
726,859
727,860
728,861
729,862
730,863
731,864
732,865
733,866
734,867
735,868
736,869
737,870
738,871
739,872
740,873
741,874
742,875
743,876
744,877
745,878
746,879
747,880
748,881
749,882
750,883
751,884
752,885
753,886
754,887
755,888
756,889
757,890
758,891
759,892
760,893
761,894
762,895
763,896
764,897
765,898
766,899
767,900
768,902
769,903
770,904
771,905
772,906
773,907
774,908
775,909
776,910
777,911
778,912
779,913
780,914
781,915
782,916
783,917
784,918
785,919
786,920
787,921
788,922
789,923
790,924
791,925
792,926
793,927
794,928
795,929
796,930
797,931
798,932
799,933
800,934
801,935
802,936
803,937
804,938
805,939
806,941
807,942
808,943
809,951
810,952
811,953
812,954
813,955
814,956
815,957
816,958
817,959
818,960
819,961
820,962
821,963
822,964
823,965
824,966
825,967
826,968
827,969
828,970
829,971
830,972
831,973
832,974
833,975
834,976
835,977
836,978
837,979
838,980
839,981
840,982
841,983
842,984
843,985
844,986
845,987
846,988
847,989
848,990
849,991
850,992
851,996
852,997
853,998
854,999
855,1000
856,1001
857,1002
858,1003
859,1004
860,1005
861,1006
862,1007
863,1008
864,1009
865,1010
866,1011
867,1012
868,1013
869,1014
870,1015
871,1016
872,1017
873,1018
874,1019
875,1020
876,1021
877,1022
878,1023
879,1024
880,1025
881,1026
882,1027
883,1028
884,1029
885,1030
886,1032
887,1033
888,1034
889,1035
890,1036
891,1037
892,1038
893,1039
894,1040
895,1041
896,1042
897,1043
898,1044
899,1045
900,1046
901,1047
902,1048
903,1049
904,1050
905,1051
906,1052
907,1053
908,1054
909,1055
910,1056
911,1057
912,1058
913,1059
914,1060
915,1062
916,1063
917,1064
918,1065
919,1066
920,1067
921,1068
922,1069
923,1070
924,1071
925,1072
926,1073
927,1074
928,1075
929,1076
930,1077
931,1078
932,1079
933,1080
934,1081
935,1082
936,1083
937,1084
938,1085
939,1086
940,1087
941,1088
942,1089
943,1090
944,1091
945,1092
946,1094
947,1095
948,1096
949,1097
950,1098
951,1099
952,1100
953,1101
954,1102
955,1103
956,1104
957,1105
958,1106
959,1107
960,1108
961,1109
962,1110
963,1111
964,1112
965,1113
966,1114
967,1115
968,1116
969,1117
970,1118
971,1119
972,1120
973,1121
974,1124
975,1128
976,1131
977,1132
978,1133
979,1134
980,1135
981,1142
982,1165
983,1166
984,1167
985,1168
986,1169
987,1170
988,1171
989,1172
990,1173
991,1174
992,1175
993,1176
994,1177
995,1178
996,1179
997,1180
998,1181
999,1182
1000,1183
1001,1184
1002,1185
1003,1186
1004,1187
1005,1188
1006,1189
1007,1190
1008,1191
1009,1192
1010,1193
1011,1194
1012,1195
1013,1196
1014,1197
1015,1198
1016,1199
1017,1200
1018,1201
1019,1202
1020,1203
1021,1204
1022,1205
1023,1206
1024,1207
1025,1208
1026,1209
1027,1210
1028,1211
1029,1212
1030,1213
1031,1214
1032,1215
1033,1216
1034,1217
1035,1218
1036,1219
1037,1220
1038,1221
1039,1222
1040,1223
1041,1224
1042,1225
1043,1226
1044,1227
1045,1228
1046,1229
1047,1230
1048,1231
1049,1232
1050,1233
1051,1234
1052,1235
1053,1236
1054,1237
1055,1238
1056,1239
1057,1240
1058,1241
1059,1242
1060,1243
1061,1244
1062,1245
1063,1246
1064,1247
1065,1248
1066,1249
1067,1250
1068,1251
1069,1252
1070,1253
1071,1254
1072,1255
1073,1256
1074,1257
1075,1258
1076,1259
1077,1260
1078,1261
1079,1262
1080,1263
1081,1264
1082,1265
1083,1266
1084,1267
1085,1268
1086,1269
1087,1270
1088,1271
1089,1272
1090,1273
1091,1274
1092,1275
1093,1276
1094,1277
1095,1278
1096,1279
1097,1281
1098,1282
1099,1283
1100,1284
1101,1285
1102,1286
1103,1287
1104,1288
1105,1289
1106,1291
1107,1292
1108,1293
1109,1294
1110,1295
1111,1296
1112,1297
1113,1298
1114,1299
1115,1300
1116,1301
1117,1302
1118,1303
1119,1304
1120,1305
1121,1306
1122,1309
1123,1310
1124,1312
1125,1314
1126,1315
1127,1316
1128,1317
1129,1319
1130,1320
1131,1321
1132,1323
1133,1324
1134,1325
1135,1326
1136,1327
1137,1328
1138,1329
1139,1330
1140,1331
1141,1332
1142,1333
1143,1334
1144,1335
1145,1336
1146,1337
1147,1338
1148,1339
1149,1340
1150,1341
1151,1342
1152,1343
1153,1344
1154,1345
1155,1346
1156,1347
1157,1348
1158,1349
1159,1350
1160,1351
1161,1352
1162,1353
1163,1354
1164,1355
1165,1356
1166,1357
1167,1358
1168,1359
1169,1360
1170,1361
1171,1362
1172,1363
1173,1364
1174,1365
1175,1366
1176,1367
1177,1368
1178,1369
1179,1370
1180,1371
1181,1372
1182,1373
1183,1374
1184,1375
1185,1376
1186,1377
1187,1378
1188,1379
1189,1380
1190,1381
1191,1382
1192,1383
1193,1384
1194,1385
1195,1386
1196,1387
1197,1388
1198,1389
1199,1391
1200,1392
1201,1393
1202,1394
1203,1395
1204,1396
1205,1397
1206,1398
1207,1399
1208,1400
1209,1401
1210,1402
1211,1403
1212,1404
1213,1405
1214,1406
1215,1407
1216,1408
1217,1409
1218,1410
1219,1411
1220,1412
1221,1413
1222,1414
1223,1415
1224,1416
1225,1417
1226,1418
1227,1419
1228,1420
1229,1421
1230,1422
1231,1423
1232,1424
1233,1425
1234,1426
1235,1427
1236,1428
1237,1429
1238,1430
1239,1431
1240,1432
1241,1433
1242,1434
1243,1435
1244,1436
1245,1437
1246,1438
1247,1439
1248,1440
1249,1441
1250,1442
1251,1443
1252,1444
1253,1445
1254,1447
1255,1448
1256,1451
1257,1452
1258,1453
1259,1454
1260,1455
1261,1456
1262,1459
1263,1460
1264,1465
1265,1466
1266,1467
1267,1468
1268,1469
1269,1470
1270,1471
1271,1472
1272,1473
1273,1474
1274,1475
1275,1476
1276,1477
1277,1478
1278,1479
1279,1480
1280,1481
1281,1482
1282,1483
1283,1484
1284,1485
1285,1486
1286,1487
1287,1488
1288,1489
1289,1490
1290,1491
1291,1492
1292,1493
1293,1494
1294,1495
1295,1496
1296,1497
1297,1498
1298,1499
1299,1500
1300,1501
1301,1502
1302,1503
1303,1504
1304,1505
1305,1506
1306,1508
1307,1509
1308,1510
1309,1511
1310,1512
1311,1513
1312,1514
1313,1515
1314,1516
1315,1517
1316,1533
1317,1534
1318,1535
1319,1536
1320,1537
1321,1538
1322,1539
1323,1540
1324,1541
1325,1542
1326,1543
1327,1544
1328,1545
1329,1546
1330,1547
1331,1548
1332,1549
1333,1550
1334,1551
1335,1552
1336,1553
1337,1554
1338,1555
1339,1556
1340,1557
1341,1558
1342,1559
1343,1560
1344,1561
1345,1562
1346,1563
1347,1564
1348,1565
1349,1566
1350,1567
1351,1568
1352,1569
1353,1570
1354,1571
1355,1572
1356,1573
1357,1574
1358,1575
1359,1576
1360,1577
1361,1578
1362,1579
1363,1580
1364,1581
1365,1583
1366,1584
1367,1585
1368,1586
1369,1587
1370,1588
1371,1589
1372,1590
1373,1591
1374,1592
1375,1593
1376,1594
1377,1595
1378,1596
1379,1597
1380,1598
1381,1599
1382,1600
1383,1601
1384,1602
1385,1603
1386,1604
1387,1605
1388,1606
1389,1607
1390,1608
1391,1609
1392,1610
1393,1611
1394,1612
1395,1613
1396,1614
1397,1615
1398,1616
1399,1617
1400,1618
1401,1619
1402,1620
1403,1621
1404,1622
1405,1623
1406,1624
1407,1625
1408,1626
1409,1627
1410,1628
1411,1629
1412,1630
1413,1631
1414,1632
1415,1633
1416,1634
1417,1635
1418,1636
1419,1637
1420,1638
1421,1639
1422,1640
1423,1641
1424,1642
1425,1643
1426,1644
1427,1645
1428,1646
1429,1647
1430,1648
1431,1649
1432,1650
1433,1651
1434,1652
1435,1653
1436,1654
1437,1655
1438,1656
1439,1657
1440,1658
1441,1659
1442,1660
1443,1661
1444,1662
1445,1663
1446,1664
1447,1665
1448,1666
1449,1667
1450,1668
1451,1669
1452,1670
1453,1671
1454,1672
1455,1673
1456,1674
1457,1675
1458,1676
1459,1677
1460,1678
1461,1679
1462,1680
1463,1681
1464,1682
1465,1683
1466,1684
1467,1685
1468,1686
1469,1687
1470,1688
1471,1689
1472,1690
1473,1691
1474,1692
1475,1693
1476,1694
1477,1695
1478,1696
1479,1697
1480,1698
1481,1699
1482,1700
1483,1701
1484,1702
1485,1703
1486,1704
1487,1705
1488,1706
1489,1707
1490,1708
1491,1709
1492,1710
1493,1711
1494,1712
1495,1713
1496,1714
1497,1715
1498,1716
1499,1717
1500,1718
1501,1719
1502,1720
1503,1721
1504,1722
1505,1723
1506,1724
1507,1725
1508,1726
1509,1727
1510,1728
1511,1729
1512,1730
1513,1731
1514,1732
1515,1733
1516,1734
1517,1735
1518,1736
1519,1737
1520,1738
1521,1739
1522,1740
1523,1741
1524,1742
1525,1743
1526,1744
1527,1745
1528,1746
1529,1747
1530,1748
1531,1749
1532,1750
1533,1751
1534,1752
1535,1753
1536,1754
1537,1755
1538,1756
1539,1757
1540,1758
1541,1759
1542,1760
1543,1761
1544,1762
1545,1763
1546,1764
1547,1765
1548,1766
1549,1767
1550,1768
1551,1769
1552,1770
1553,1771
1554,1772
1555,1773
1556,1774
1557,1775
1558,1777
1559,1778
1560,1779
1561,1780
1562,1781
1563,1782
1564,1783
1565,1784
1566,1785
1567,1786
1568,1787
1569,1788
1570,1789
1571,1790
1572,1791
1573,1792
1574,1793
1575,1794
1576,1795
1577,1796
1578,1797
1579,1798
1580,1800
1581,1801
1582,1802
1583,1803
1584,1804
1585,1805
1586,1806
1587,1807
1588,1808
1589,1809
1590,1810
1591,1811
1592,1812
1593,1813
1594,1814
1595,1815
1596,1816
1597,1817
1598,1818
1599,1819
1600,1820
1601,1821
1602,1822
1603,1823
1604,1824
1605,1825
1606,1826
1607,1827
1608,1828
1609,1829
1610,1830
1611,1831
1612,1832
1613,1833
1614,1834
1615,1835
1616,1836
1617,1837
1618,1838
1619,1839
1620,1840
1621,1841
1622,1842
1623,1843
1624,1844
1625,1845
1626,1846
1627,1847
1628,1848
1629,1849
1630,1850
1631,1851
1632,1852
1633,1853
1634,1854
1635,1855
1636,1856
1637,1857
1638,1858
1639,1859
1640,1860
1641,1861
1642,1862
1643,1863
1644,1864
1645,1865
1646,1866
1647,1867
1648,1868
1649,1869
1650,1870
1651,1871
1652,1872
1653,1873
1654,1874
1655,1875
1656,1876
1657,1877
1658,1878
1659,1879
1660,1880
1661,1881
1662,1882
1663,1884
1664,1885
1665,1886
1666,1887
1667,1888
1668,1889
1669,1890
1670,1891
1671,1892
1672,1893
1673,1894
1674,1897
1675,1898
1676,1899
1677,1900
1678,1901
1679,1903
1680,1904
1681,1905
1682,1906
1683,1907
1684,1908
1685,1909
1686,1910
1687,1911
1688,1912
1689,1913
1690,1914
1691,1915
1692,1916
1693,1918
1694,1919
1695,1920
1696,1921
1697,1922
1698,1923
1699,1924
1700,1925
1701,1926
1702,1927
1703,1928
1704,1929
1705,1930
1706,1931
1707,1932
1708,1933
1709,1934
1710,1935
1711,1936
1712,1937
1713,1938
1714,1939
1715,1940
1716,1941
1717,1942
1718,1944
1719,1945
1720,1946
1721,1947
1722,1948
1723,1949
1724,1950
1725,1951
1726,1952
1727,1953
1728,1954
1729,1955
1730,1956
1731,1957
1732,1958
1733,1959
1734,1960
1735,1961
1736,1962
1737,1963
1738,1964
1739,1965
1740,1966
1741,1967
1742,1968
1743,1969
1744,1970
1745,1971
1746,1972
1747,1973
1748,1974
1749,1975
1750,1976
1751,1977
1752,1978
1753,1979
1754,1980
1755,1981
1756,1982
1757,1983
1758,1986
1759,1987
1760,1988
1761,1989
1762,1990
1763,1991
1764,1992
1765,1993
1766,1994
1767,1995
1768,1996
1769,1997
1770,1998
1771,1999
1772,2000
1773,2001
1774,2002
1775,2003
1776,2004
1777,2005
1778,2006
1779,2007
1780,2008
1781,2009
1782,2010
1783,2011
1784,2012
1785,2013
1786,2014
1787,2016
1788,2017
1789,2018
1790,2019
1791,2020
1792,2021
1793,2022
1794,2023
1795,2024
1796,2025
1797,2026
1798,2028
1799,2029
1800,2030
1801,2031
1802,2032
1803,2033
1804,2034
1805,2035
1806,2036
1807,2037
1808,2038
1809,2039
1810,2040
1811,2041
1812,2042
1813,2043
1814,2044
1815,2045
1816,2046
1817,2047
1818,2048
1819,2049
1820,2050
1821,2051
1822,2052
1823,2053
1824,2054
1825,2055
1826,2057
1827,2058
1828,2059
1829,2060
1830,2061
1831,2062
1832,2064
1833,2065
1834,2066
1835,2067
1836,2068
1837,2069
1838,2070
1839,2071
1840,2072
1841,2073
1842,2074
1843,2075
1844,2076
1845,2077
1846,2078
1847,2079
1848,2080
1849,2081
1850,2082
1851,2083
1852,2084
1853,2085
1854,2086
1855,2087
1856,2088
1857,2089
1858,2090
1859,2091
1860,2092
1861,2093
1862,2094
1863,2095
1864,2096
1865,2097
1866,2098
1867,2099
1868,2100
1869,2101
1870,2102
1871,2104
1872,2105
1873,2106
1874,2107
1875,2108
1876,2109
1877,2111
1878,2112
1879,2113
1880,2114
1881,2115
1882,2116
1883,2117
1884,2118
1885,2133
1886,2134
1887,2135
1888,2136
1889,2137
1890,2138
1891,2139
1892,2140
1893,2141
1894,2142
1895,2143
1896,2144
1897,2145
1898,2146
1899,2147
1900,2148
1901,2149
1902,2150
1903,2151
1904,2152
1905,2153
1906,2154
1907,2155
1908,2156
1909,2157
1910,2160
1911,2161
1912,2162
1913,2163
1914,2164
1915,2165
1916,2166
1917,2167
1918,2168
1919,2169
1920,2170
1921,2171
1922,2172
1923,2173
1924,2174
1925,2175
1926,2176
1927,2177
1928,2178
1929,2179
1930,2180
1931,2181
1932,2182
1933,2183
1934,2184
1935,2185
1936,2186
1937,2187
1938,2188
1939,2189
1940,2190
1941,2191
1942,2192
1943,2193
1944,2194
1945,2195
1946,2196
1947,2197
1948,2198
1949,2202
1950,2203
1951,2204
1952,2205
1953,2206
1954,2207
1955,2208
1956,2209
1957,2210
1958,2212
1959,2213
1960,2214
1961,2215
1962,2216
1963,2217
1964,2219
1965,2220
1966,2221
1967,2222
1968,2223
1969,2224
1970,2225
1971,2226
1972,2227
1973,2228
1974,2229
1975,2230
1976,2232
1977,2233
1978,2234
1979,2235
1980,2236
1981,2237
1982,2238
1983,2239
1984,2240
1985,2241
1986,2242
1987,2243
1988,2244
1989,2245
1990,2246
1991,2247
1992,2248
1993,2249
1994,2250
1995,2251
1996,2252
1997,2253
1998,2254
1999,2255
2000,2256
2001,2257
2002,2258
2003,2259
2004,2260
2005,2261
2006,2262
2007,2263
2008,2264
2009,2265
2010,2266
2011,2267
2012,2268
2013,2269
2014,2270
2015,2271
2016,2272
2017,2273
2018,2274
2019,2275
2020,2276
2021,2277
2022,2278
2023,2279
2024,2280
2025,2281
2026,2282
2027,2283
2028,2284
2029,2285
2030,2286
2031,2287
2032,2288
2033,2289
2034,2290
2035,2291
2036,2292
2037,2293
2038,2295
2039,2296
2040,2297
2041,2298
2042,2299
2043,2302
2044,2304
2045,2305
2046,2307
2047,2308
2048,2309
2049,2310
2050,2311
2051,2312
2052,2328
2053,2329
2054,2330
2055,2334
2056,2337
2057,2338
2058,2340
2059,2341
2060,2342
2061,2343
2062,2345
2063,2346
2064,2348
2065,2349
2066,2351
2067,2352
2068,2353
2069,2354
2070,2355
2071,2356
2072,2357
2073,2358
2074,2359
2075,2360
2076,2361
2077,2362
2078,2363
2079,2364
2080,2365
2081,2366
2082,2367
2083,2368
2084,2369
2085,2370
2086,2371
2087,2372
2088,2373
2089,2374
2090,2375
2091,2377
2092,2378
2093,2379
2094,2380
2095,2381
2096,2382
2097,2383
2098,2384
2099,2385
2100,2386
2101,2387
2102,2388
2103,2390
2104,2391
2105,2392
2106,2393
2107,2394
2108,2396
2109,2397
2110,2398
2111,2400
2112,2401
2113,2402
2114,2403
2115,2404
2116,2405
2117,2406
2118,2408
2119,2409
2120,2410
2121,2411
2122,2412
2123,2413
2124,2414
2125,2415
2126,2416
2127,2417
2128,2418
2129,2419
2130,2420
2131,2421
2132,2423
2133,2424
2134,2425
2135,2426
2136,2427
2137,2428
2138,2429
2139,2430
2140,2431
2141,2432
2142,2433
2143,2434
2144,2435
2145,2436
2146,2437
2147,2438
2148,2439
2149,2440
2150,2441
2151,2442
2152,2443
2153,2444
2154,2445
2155,2446
2156,2447
2157,2457
2158,2459
2159,2460
2160,2461
2161,2462
2162,2463
2163,2464
2164,2465
2165,2466
2166,2467
2167,2468
2168,2470
2169,2471
2170,2472
2171,2473
2172,2474
2173,2475
2174,2476
2175,2477
2176,2480
2177,2481
2178,2482
2179,2483
2180,2484
2181,2485
2182,2486
2183,2487
2184,2488
2185,2489
2186,2490
2187,2491
2188,2492
2189,2493
2190,2494
2191,2495
2192,2496
2193,2497
2194,2498
2195,2499
2196,2500
2197,2502
2198,2503
2199,2504
2200,2506
2201,2507
2202,2508
2203,2509
2204,2510
2205,2511
2206,2512
2207,2513
2208,2514
2209,2515
2210,2516
2211,2517
2212,2518
2213,2519
2214,2520
2215,2521
2216,2522
2217,2523
2218,2525
2219,2527
2220,2531
2221,2532
2222,2533
2223,2534
2224,2535
2225,2536
2226,2537
2227,2538
2228,2539
2229,2540
2230,2541
2231,2542
2232,2543
2233,2544
2234,2545
2235,2546
2236,2547
2237,2548
2238,2549
2239,2550
2240,2551
2241,2552
2242,2553
2243,2554
2244,2555
2245,2556
2246,2557
2247,2558
2248,2559
2249,2560
2250,2561
2251,2562
2252,2563
2253,2564
2254,2565
2255,2566
2256,2567
2257,2568
2258,2569
2259,2570
2260,2571
2261,2572
2262,2573
2263,2574
2264,2575
2265,2576
2266,2577
2267,2578
2268,2579
2269,2581
2270,2582
2271,2583
2272,2584
2273,2585
2274,2586
2275,2587
2276,2588
2277,2589
2278,2590
2279,2591
2280,2592
2281,2594
2282,2595
2283,2596
2284,2597
2285,2598
2286,2599
2287,2600
2288,2601
2289,2602
2290,2603
2291,2604
2292,2605
2293,2606
2294,2607
2295,2608
2296,2609
2297,2610
2298,2611
2299,2612
2300,2613
2301,2614
2302,2615
2303,2616
2304,2617
2305,2618
2306,2619
2307,2620
2308,2621
2309,2622
2310,2623
2311,2624
2312,2625
2313,2626
2314,2627
2315,2628
2316,2629
2317,2630
2318,2632
2319,2633
2320,2634
2321,2635
2322,2636
2323,2637
2324,2638
2325,2639
2326,2640
2327,2641
2328,2642
2329,2643
2330,2644
2331,2645
2332,2648
2333,2649
2334,2650
2335,2651
2336,2652
2337,2653
2338,2654
2339,2655
2340,2656
2341,2657
2342,2658
2343,2659
2344,2661
2345,2662
2346,2663
2347,2664
2348,2665
2349,2666
2350,2667
2351,2669
2352,2670
2353,2671
2354,2672
2355,2674
2356,2675
2357,2676
2358,2677
2359,2678
2360,2679
2361,2680
2362,2681
2363,2682
2364,2683
2365,2684
2366,2685
2367,2686
2368,2687
2369,2688
2370,2689
2371,2690
2372,2691
2373,2692
2374,2693
2375,2694
2376,2695
2377,2696
2378,2697
2379,2698
2380,2699
2381,2700
2382,2701
2383,2702
2384,2703
2385,2704
2386,2706
2387,2707
2388,2708
2389,2709
2390,2710
2391,2711
2392,2712
2393,2713
2394,2714
2395,2715
2396,2716
2397,2717
2398,2718
2399,2719
2400,2720
2401,2721
2402,2722
2403,2723
2404,2724
2405,2725
2406,2726
2407,2727
2408,2728
2409,2729
2410,2730
2411,2731
2412,2732
2413,2733
2414,2734
2415,2735
2416,2736
2417,2737
2418,2738
2419,2739
2420,2740
2421,2741
2422,2742
2423,2743
2424,2744
2425,2745
2426,2746
2427,2747
2428,2748
2429,2749
2430,2755
2431,2756
2432,2757
2433,2758
2434,2759
2435,2760
2436,2761
2437,2762
2438,2763
2439,2764
2440,2765
2441,2766
2442,2767
2443,2768
2444,2769
2445,2770
2446,2771
2447,2772
2448,2773
2449,2774
2450,2775
2451,2776
2452,2777
2453,2778
2454,2779
2455,2780
2456,2781
2457,2782
2458,2783
2459,2784
2460,2785
2461,2786
2462,2788
2463,2789
2464,2790
2465,2791
2466,2792
2467,2793
2468,2794
2469,2795
2470,2796
2471,2797
2472,2798
2473,2799
2474,2800
2475,2801
2476,2802
2477,2803
2478,2804
2479,2805
2480,2806
2481,2807
2482,2808
2483,2809
2484,2810
2485,2811
2486,2812
2487,2813
2488,2814
2489,2815
2490,2816
2491,2817
2492,2818
2493,2819
2494,2820
2495,2821
2496,2822
2497,2823
2498,2824
2499,2825
2500,2826
2501,2827
2502,2828
2503,2829
2504,2830
2505,2831
2506,2832
2507,2833
2508,2834
2509,2835
2510,2836
2511,2837
2512,2838
2513,2839
2514,2840
2515,2841
2516,2842
2517,2843
2518,2844
2519,2845
2520,2846
2521,2847
2522,2848
2523,2849
2524,2850
2525,2851
2526,2852
2527,2853
2528,2854
2529,2855
2530,2856
2531,2857
2532,2858
2533,2859
2534,2860
2535,2861
2536,2862
2537,2863
2538,2864
2539,2865
2540,2866
2541,2867
2542,2868
2543,2869
2544,2870
2545,2871
2546,2872
2547,2873
2548,2874
2549,2875
2550,2876
2551,2877
2552,2878
2553,2879
2554,2880
2555,2881
2556,2882
2557,2883
2558,2884
2559,2885
2560,2886
2561,2887
2562,2888
2563,2889
2564,2890
2565,2891
2566,2892
2567,2893
2568,2894
2569,2895
2570,2896
2571,2897
2572,2898
2573,2899
2574,2900
2575,2901
2576,2902
2577,2903
2578,2904
2579,2905
2580,2906
2581,2907
2582,2908
2583,2909
2584,2910
2585,2911
2586,2912
2587,2913
2588,2914
2589,2915
2590,2916
2591,2917
2592,2918
2593,2919
2594,2920
2595,2921
2596,2922
2597,2923
2598,2924
2599,2925
2600,2926
2601,2927
2602,2928
2603,2929
2604,2930
2605,2934
2606,2935
2607,2936
2608,2937
2609,2938
2610,2939
2611,2940
2612,2941
2613,2942
2614,2943
2615,2944
2616,2945
2617,2946
2618,2947
2619,2948
2620,2949
2621,2950
2622,2951
2623,2952
2624,2953
2625,2954
2626,2955
2627,2956
2628,2957
2629,2958
2630,2959
2631,2960
2632,2961
2633,2962
2634,2963
2635,2964
2636,2965
2637,2966
2638,2967
2639,2968
2640,2969
2641,2970
2642,2971
2643,2972
2644,2973
2645,2974
2646,2975
2647,2976
2648,2977
2649,2978
2650,2979
2651,2980
2652,2981
2653,2982
2654,2983
2655,2984
2656,2985
2657,2986
2658,2987
2659,2988
2660,2989
2661,2990
2662,2991
2663,2992
2664,2993
2665,2994
2666,2995
2667,2996
2668,2997
2669,2998
2670,2999
2671,3000
2672,3001
2673,3002
2674,3003
2675,3004
2676,3005
2677,3006
2678,3007
2679,3008
2680,3010
2681,3011
2682,3012
2683,3013
2684,3014
2685,3015
2686,3016
2687,3017
2688,3018
2689,3019
2690,3020
2691,3021
2692,3022
2693,3023
2694,3024
2695,3025
2696,3026
2697,3027
2698,3028
2699,3029
2700,3030
2701,3031
2702,3032
2703,3033
2704,3034
2705,3035
2706,3036
2707,3037
2708,3038
2709,3039
2710,3040
2711,3041
2712,3042
2713,3044
2714,3045
2715,3046
2716,3047
2717,3048
2718,3049
2719,3050
2720,3051
2721,3052
2722,3053
2723,3054
2724,3055
2725,3056
2726,3057
2727,3058
2728,3059
2729,3060
2730,3062
2731,3063
2732,3064
2733,3066
2734,3067
2735,3068
2736,3069
2737,3070
2738,3071
2739,3072
2740,3073
2741,3074
2742,3075
2743,3076
2744,3077
2745,3078
2746,3079
2747,3080
2748,3081
2749,3082
2750,3083
2751,3084
2752,3085
2753,3086
2754,3087
2755,3088
2756,3090
2757,3091
2758,3092
2759,3093
2760,3094
2761,3095
2762,3098
2763,3099
2764,3100
2765,3101
2766,3102
2767,3103
2768,3104
2769,3105
2770,3106
2771,3107
2772,3108
2773,3109
2774,3110
2775,3111
2776,3112
2777,3113
2778,3114
2779,3115
2780,3116
2781,3117
2782,3118
2783,3119
2784,3120
2785,3121
2786,3122
2787,3123
2788,3124
2789,3125
2790,3126
2791,3127
2792,3128
2793,3129
2794,3130
2795,3131
2796,3132
2797,3133
2798,3134
2799,3135
2800,3136
2801,3138
2802,3139
2803,3140
2804,3141
2805,3142
2806,3143
2807,3144
2808,3145
2809,3146
2810,3147
2811,3148
2812,3149
2813,3150
2814,3151
2815,3152
2816,3153
2817,3154
2818,3155
2819,3156
2820,3157
2821,3158
2822,3159
2823,3160
2824,3161
2825,3162
2826,3163
2827,3164
2828,3165
2829,3166
2830,3167
2831,3168
2832,3169
2833,3170
2834,3171
2835,3175
2836,3176
2837,3177
2838,3178
2839,3179
2840,3180
2841,3181
2842,3182
2843,3183
2844,3184
2845,3185
2846,3186
2847,3187
2848,3188
2849,3189
2850,3190
2851,3191
2852,3192
2853,3193
2854,3194
2855,3195
2856,3196
2857,3197
2858,3198
2859,3199
2860,3200
2861,3201
2862,3202
2863,3203
2864,3204
2865,3205
2866,3206
2867,3207
2868,3208
2869,3209
2870,3210
2871,3211
2872,3212
2873,3213
2874,3214
2875,3215
2876,3216
2877,3217
2878,3218
2879,3219
2880,3220
2881,3221
2882,3222
2883,3223
2884,3224
2885,3225
2886,3226
2887,3227
2888,3228
2889,3229
2890,3230
2891,3231
2892,3232
2893,3234
2894,3235
2895,3236
2896,3238
2897,3239
2898,3240
2899,3241
2900,3242
2901,3243
2902,3244
2903,3245
2904,3246
2905,3247
2906,3250
2907,3251
2908,3252
2909,3253
2910,3254
2911,3255
2912,3256
2913,3257
2914,3258
2915,3259
2916,3260
2917,3261
2918,3262
2919,3263
2920,3264
2921,3265
2922,3266
2923,3267
2924,3268
2925,3269
2926,3270
2927,3271
2928,3272
2929,3273
2930,3274
2931,3275
2932,3276
2933,3277
2934,3278
2935,3279
2936,3280
2937,3281
2938,3282
2939,3284
2940,3285
2941,3286
2942,3287
2943,3288
2944,3289
2945,3290
2946,3291
2947,3292
2948,3293
2949,3294
2950,3295
2951,3296
2952,3297
2953,3298
2954,3299
2955,3300
2956,3301
2957,3302
2958,3303
2959,3304
2960,3305
2961,3306
2962,3307
2963,3308
2964,3309
2965,3310
2966,3311
2967,3312
2968,3313
2969,3314
2970,3315
2971,3316
2972,3317
2973,3318
2974,3319
2975,3320
2976,3321
2977,3322
2978,3323
2979,3324
2980,3325
2981,3326
2982,3327
2983,3328
2984,3329
2985,3330
2986,3331
2987,3332
2988,3333
2989,3334
2990,3336
2991,3337
2992,3338
2993,3339
2994,3340
2995,3341
2996,3342
2997,3343
2998,3344
2999,3348
3000,3349
3001,3350
3002,3351
3003,3352
3004,3353
3005,3354
3006,3355
3007,3356
3008,3357
3009,3358
3010,3360
3011,3361
3012,3362
3013,3363
3014,3364
3015,3365
3016,3366
3017,3367
3018,3368
3019,3369
3020,3370
3021,3371
3022,3372
3023,3373
3024,3374
3025,3375
3026,3376
3027,3377
3028,3379
3029,3381
3030,3382
3031,3383
3032,3384
3033,3385
3034,3386
3035,3387
3036,3388
3037,3389
3038,3390
3039,3391
3040,3392
3041,3393
3042,3394
3043,3395
3044,3396
3045,3397
3046,3398
3047,3399
3048,3400
3049,3401
3050,3402
3051,3403
3052,3404
3053,3405
3054,3406
3055,3407
3056,3408
3057,3409
3058,3410
3059,3411
3060,3412
3061,3413
3062,3414
3063,3415
3064,3416
3065,3417
3066,3418
3067,3419
3068,3420
3069,3421
3070,3422
3071,3423
3072,3424
3073,3425
3074,3426
3075,3427
3076,3428
3077,3429
3078,3430
3079,3431
3080,3432
3081,3433
3082,3435
3083,3436
3084,3437
3085,3438
3086,3439
3087,3444
3088,3445
3089,3446
3090,3447
3091,3448
3092,3449
3093,3450
3094,3451
3095,3452
3096,3453
3097,3454
3098,3455
3099,3456
3100,3457
3101,3458
3102,3459
3103,3460
3104,3461
3105,3462
3106,3463
3107,3464
3108,3465
3109,3466
3110,3467
3111,3468
3112,3469
3113,3470
3114,3471
